curbie_id,curbie_first,curbie_last
1,John,Roberts
2,Sheryl,Nelson
3,John,Mills
4,Jason,Coffey
5,Robert,Wilson
6,Vicki,Beck
7,Deborah,Moore
8,Kenneth,Hayes
9,John,Cobb
10,Elizabeth,Gray
11,Carrie,Flynn
12,Travis,Scott
13,Kathleen,Rodgers
14,Crystal,Davidson
15,Donald,Payne
16,Loretta,Moore
17,Melinda,Thomas
18,Douglas,Turner
19,Kelly,Ramirez
20,Jeffrey,Mitchell
21,Andrea,Crosby
22,Jenna,Quinn
23,John,Rose
24,Nicholas,Riley
25,Mario,Warner
26,Sean,Lee
27,Tanner,Powers
28,Laura,Rodriguez
29,Todd,Rivas
30,Shawn,Young
31,Lauren,Moore
32,Jason,Johnston
33,Ryan,Williams
34,Holly,Graham
35,Michael,Clark
36,Benjamin,Henry
37,Shannon,Hughes
38,Whitney,Edwards
39,Erica,Williams
40,William,Martinez
41,Sheila,Simmons
42,Michael,Hays
43,Leslie,Malone
44,Kyle,Hall
45,Aaron,Scott
46,Gregory,Keith
47,Anthony,George
48,Heather,Martin
49,James,Chavez
50,Jessica,Mueller
