survey_id,cust_id,one_to_five_rating,comments
1,17,4,Will factor thus sure treat guess treat.
2,2,5,Exactly memory level inside day reveal third personal teacher international song investment understand until along quite.
3,53,1,Blood or become everybody difference finish wrong.
4,92,1,Would so right strong tax focus.
5,89,2,Activity itself indeed cost understand thought opportunity.
6,100,5,Direction race just test identify property material only office tell picture but article modern measure.
7,26,3,Follow officer appear road level.
8,50,5,Public woman though alone worry thing next.
9,36,3,Human one factor wall open catch responsibility.
10,11,2,Factor section pattern carry course.
11,24,1,Break difference worry remember might draw major food seven.
12,54,4,Staff especially business north commercial.
13,37,4,Professor theory state place information already.
14,10,4,Final free pull issue ground carry activity song.
15,41,3,Throughout sound enjoy last series pull must discussion product.
16,16,3,Quality sport dinner.
17,41,1,Black rich continue decide great imagine clear.
18,99,5,Like voice actually pressure catch until.
19,47,3,Investment country tough.
20,71,3,What degree list politics approach rather sound particular their expect.
21,67,2,Bring finish close available religious letter wall factor strong.
22,63,2,Course when including set.
23,31,5,Station check ok everybody blood heavy thousand painting reflect great control authority whatever thank military.
24,92,4,Fast east necessary.
25,18,3,One happy stage.
26,77,1,Arrive under why director mention.
27,66,4,Smile reality realize government.
28,19,3,Knowledge base third actually.
29,27,4,Degree pretty response reveal.
30,32,4,Act watch nothing time without option reality.
31,74,3,Indicate fact hour land must throughout both fill sea not begin second who.
32,72,2,Service through yet rule table see red often.
33,82,1,Story above sense parent evidence west.
34,12,3,Father pass hour friend major move positive actually front cause.
35,36,4,Window major there only people might give floor performance hair issue less or.
36,75,3,Picture talk discussion pretty important them none network ever concern free.
37,27,2,Kitchen respond star particular onto think force always.
38,77,2,Minute month finally think Republican partner thousand.
39,74,5,Something food production raise goal yes wish.
40,56,4,Glass score state six if.
41,55,5,Require improve west wait movie future.
42,55,2,Product audience company long nothing wait some outside several spring amount hair.
43,67,3,Animal voice throw small save apply.
44,93,1,Ability sister which back two.
45,100,1,Trip energy send day attack could time bill administration once book away none.
46,47,2,Effort year place draw impact seek economic teacher watch author fall back pressure.
47,22,2,Within space four order hit admit drop alone security stand along go.
48,77,3,Score somebody since option night interest return size make stuff because.
49,53,3,Have kitchen stand right nature hot.
50,72,3,Huge seek hair.
51,43,1,Different single structure city word explain notice less five.
52,59,2,Chair star tell support worry after.
53,48,5,Consumer your central develop plant world population.
54,67,5,When article color main involve traditional.
55,96,4,Company would doctor suggest detail song ready trade some can.
56,2,5,But thing into later might property hear writer.
57,62,2,Fire resource everything everyone person official general natural somebody social not season.
58,90,3,Beyond food probably blue offer.
59,16,3,Choose end full process mind especially for medical local weight if tough dark know.
60,56,4,Maybe entire change thing cell adult painting role cause appear together.
61,67,4,Visit general at near.
62,76,4,Low few dinner method everyone player fact many public style financial bar lot.
63,94,4,Structure any fight game their hope certainly.
64,100,5,Less relate window treat capital church store participant see network.
65,86,5,Hot change his training something remember.
66,91,2,Quite camera two technology respond between.
67,94,2,Theory able trouble outside product information mean central.
68,97,5,Identify full per hour important senior region box with table consumer read hot fund mean performance.
69,7,1,Reason our everyone newspaper rich former.
70,49,3,Mouth agent prevent heavy leader sign speech during well out moment doctor.
71,68,1,National tax itself buy house respond mean for design.
72,93,1,Happy sit experience mission foreign.
73,42,3,Remain result five whom name better.
74,29,4,Say cause book market finally blue each number student growth why size only who official.
75,65,5,List president like work talk race first call but.
76,13,3,Not interest woman clear visit bill foot police forward.
77,15,4,Newspaper already religious pay player probably safe yard life save every direction become.
78,37,1,Call cup partner challenge vote how in challenge.
79,39,3,Share position happy teacher statement care heavy everybody art to every.
80,30,2,Price forward ever chance eye whole evidence.
81,22,2,Where set build company break computer line weight.
82,92,4,Level month guy former meeting employee good.
83,43,4,First nation break many religious such hard financial many learn.
84,99,1,Various begin trip us case institution significant.
85,80,2,Seek action list accept to.
86,41,4,Rock fire create buy bad raise product almost everyone fast learn view recent.
87,36,4,Continue government high bed either store herself when lead very pass leave letter keep.
88,69,3,Throw also action model along another along now season yeah movie where customer.
89,69,1,Drop better use defense newspaper participant.
90,26,5,Box later west yeah push.
91,91,2,Democrat dog memory popular.
92,55,1,Trade law agreement statement risk play list increase.
93,54,5,Life bar teacher international very answer gun establish occur cause fact.
94,3,1,Eye country ok themselves turn interest cold.
95,19,1,Born concern raise low respond home everything prevent.
96,85,4,Section move ahead argue information consider life require.
97,4,4,Better light bit someone sure particular nation environmental.
98,56,1,Seek modern guess personal into decide buy child member this consumer court.
99,49,2,Real late visit serious collection.
100,83,2,Attack interview represent statement thank region kitchen.
